<?xml version="1.0" encoding="utf-8" standalone="no"?>
<project>
    <configuration id="cdt.managedbuild.config.gnu.cross.exe.debug.1016291210" name="Debug">
        <extension point="org.eclipse.cdt.core.LanguageSettingsProvider">
            <provider class="org.eclipse.cdt.core.language.settings.providers.LanguageSettingsGenericProvider" id="org.eclipse.cdt.ui.UserLanguageSettingsProvider" name="CDT User Setting Entries" prefer-non-shared="true" store-entries-with-project="true">
                <language id="org.eclipse.cdt.core.gcc">
                    <resource project-relative-path="">
                        <entry kind="includePath" name="${CM_DIR}/include"/>
                        <entry kind="macroFile" name="/${ProjName}/.settings/macros">
                            <flag value="LOCAL|VALUE_WORKSPACE_PATH"/>
                        </entry>
                    </resource>
                </language>
                <language id="org.eclipse.cdt.core.g++">
                    <resource project-relative-path="">
                        <entry kind="includePath" name="${CM_DIR}/include"/>
                        <entry kind="macroFile" name="/${ProjName}/.settings/macros">
                            <flag value="LOCAL|VALUE_WORKSPACE_PATH"/>
                        </entry>
                    </resource>
                </language>
            </provider>
            <provider-reference id="org.eclipse.cdt.core.ReferencedProjectsLanguageSettingsProvider" ref="shared-provider"/>
            <provider-reference id="org.eclipse.cdt.managedbuilder.core.MBSLanguageSettingsProvider" ref="shared-provider"/>
            <provider class="org.eclipse.cdt.internal.build.crossgcc.CrossGCCBuiltinSpecsDetector" console="false" env-hash="585996002222399685" id="org.eclipse.cdt.build.crossgcc.CrossGCCBuiltinSpecsDetector" keep-relative-paths="false" name="CDT Cross GCC Built-in Compiler Settings" parameter="${COMMAND} ${FLAGS} -E -P -v -dD &quot;${INPUTS}&quot;" prefer-non-shared="true">
                <language-scope id="org.eclipse.cdt.core.gcc"/>
                <language-scope id="org.eclipse.cdt.core.g++"/>
            </provider>
        </extension>
    </configuration>
    <configuration id="cdt.managedbuild.config.gnu.cross.exe.release.594896324" name="Work">
        <extension point="org.eclipse.cdt.core.LanguageSettingsProvider">
            <provider class="org.eclipse.cdt.core.language.settings.providers.LanguageSettingsGenericProvider" id="org.eclipse.cdt.ui.UserLanguageSettingsProvider" name="CDT User Setting Entries" prefer-non-shared="true" store-entries-with-project="true">
                <language id="org.eclipse.cdt.core.gcc">
                    <resource project-relative-path="">
                        <entry kind="includePath" name="${CM_DIR}/include"/>
                        <entry kind="macroFile" name="/${ProjName}/.settings/macros">
                            <flag value="LOCAL|VALUE_WORKSPACE_PATH"/>
                        </entry>
                    </resource>
                </language>
                <language id="org.eclipse.cdt.core.g++">
                    <resource project-relative-path="">
                        <entry kind="includePath" name="${CM_DIR}/include"/>
                        <entry kind="macroFile" name="/${ProjName}/.settings/macros">
                            <flag value="LOCAL|VALUE_WORKSPACE_PATH"/>
                        </entry>
                    </resource>
                </language>
            </provider>
            <provider-reference id="org.eclipse.cdt.core.ReferencedProjectsLanguageSettingsProvider" ref="shared-provider"/>
            <provider-reference id="org.eclipse.cdt.managedbuilder.core.MBSLanguageSettingsProvider" ref="shared-provider"/>
            <provider class="org.eclipse.cdt.internal.build.crossgcc.CrossGCCBuiltinSpecsDetector" console="false" env-hash="585996002222399685" id="org.eclipse.cdt.build.crossgcc.CrossGCCBuiltinSpecsDetector" keep-relative-paths="false" name="CDT Cross GCC Built-in Compiler Settings" parameter="${COMMAND} ${FLAGS} -E -P -v -dD &quot;${INPUTS}&quot;" prefer-non-shared="true">
                <language-scope id="org.eclipse.cdt.core.gcc"/>
                <language-scope id="org.eclipse.cdt.core.g++"/>
            </provider>
        </extension>
    </configuration>
</project>
